Código UPC,Artículo,Costo Unitario,Artículo: Marca,FAMILIA COMERCIAL
542507,•	Alimento Seco para Gato Kitten (3kg),$573.27,Royal Canin,Kainu Food
INPSOB10000QL,Actigel Digestivo Caja con 15 sobres 15g,$392.04,IIN-PET,Kainu Healt
INPSOB10001QL,Actigel Digestivo 15g - 1 sobre,$0.00,IIN-PET,Kainu Healt
7500465295728,Actigel Movilidad Caja con 15 sobres 15g,$479.31,IIN-PET,Kainu Healt
7500465295735,Actigel Piel y Pelo Caja con 15 sobres 15g,$426.72,IIN-PET,Kainu Healt
7500465295711,Actigel Renal Caja con 15 sobres 15g,$455.60,IIN-PET,Kainu Healt
3411112262038,Adaptil Spray 60ml,$705.00,CEVA,Kainu Healt
1006202502181044,Alimento  nupec cachorro 20kg,"$1,324.27",,
1006202502181033,Alimento  nupec sensitive 2kg.,$0.01,,
BARFG2502,Alimento Húmedo Barf para Gato 250g - Doggie,$17.24,,
BAR5001,Alimento Húmedo Barf 500g - Doggie,$34.48,,
7501072214522,Alimento Húmedo Gato Adulto Pollo en Salsa - Proplan,$0.00,,OTROS
42015,Alimento Húmedo para Cachorro Puppy Loaf (15g) - Royal Canin,$54.66,,
60439,Alimento Húmedo para Gato Adulto Instinctive 85g - Royal Canin,$35.01,Royal Canin,Kainu Food
1007202502181117,Alimento Húmedo para Gato Fancy Feast Goulash con Cordero – Purina,$15.08,Purina,
664003,Alimento Humedo para Gato Gastro Intestinal Moderate Calorie (85g) - Royal Canin,$23.74,Royal Canin,
60435,Alimento Humedo para Gato Kitten Instinctive (85g) - Royal Canin,$28.24,Royal Canin,
41011,Alimento Húmedo para Gato Kitten Loaf (15g) - Royal Canin,$51.68,,
1006202502181100,Alimento Húmedo para Gato Renal Support D – Royal Canin (85 g),$27.64,Royal Canin,Kainu Food
44821,Alimento Humedo para Gato Renal Support E (145g) - Royal Canin,$0.58,Royal Canin,
44281,Alimento Humedo para Gato Satiety Support (145g) - Royal Canin,$0.58,Royal Canin,
44294,Alimento Humedo para Gato Urinary SO (145g) - Royal Canin,$0.58,Royal Canin,
60401,Alimento Humedo para Perro en Lata Urinary SO 385g - ROYAL CANIN,$67.54,Royal Canin,Kainu Food
47071,Alimento Humedo para Perro Gastro-Intestinal Low Fat lata 385g - ROYAL CANIN,$67.56,Royal Canin,Kainu Food
66320,Alimento Humedo para Perro Gastro-Intestinal (385g) - ROYAL CANIN,$67.56,Royal Canin,
43008,Alimento Húmedo para Perro Skintopic (385g) - Royal Canin,$67.56,,
42525,Alimento Humedo para Perro Starter Mother and Babydog (145g) - Royal Canin,$0.55,Royal Canin,
52742945309,Alimento Humedo 9453 Renal Gato K/D 156g - Hills,$67.71,HILLS,Kainu Food
MINNUP00088EP,Alimento Seco Adulto Raza Mini 1KG- Nupec,$104.83,Nupec,Kainu Food
7503008553248,Alimento Seco Adulto Raza Pequeña 2KG- Nupec,$195.83,Nupec,
PERNUP00085YH,Alimento Seco Adulto 2KG - Nupec,$170.26,Nupec,Kainu Food
7503026084113,Alimento Seco Felino Kitten 1.5KG - Nupec,$170.34,Nupec,
1006202502181066,Alimento Seco Felino Senior 1.5KG - Nupec,$164.61,Nupec,
HIPNUP00084YN,Alimento Seco Hipoalergenico Sensitive Skin Raza Pequeña 2KG -  Nupec,$248.15,Nupec,Kainu Food
AC2KAN0024852,Alimento Seco Holistico Activo 2KG Super Premiun- KANTEK,$185.88,KANTEK,Kainu Food
7503003238430,Alimento Seco Holistico Adulto 2KG Super Premiun- KANTEK,$154.50,KANTEK,Kainu Food
AD2KAN00246ZI,Alimento Seco Holistico Adulto 20KG Super Premium- KANTEK,"$1,126.70",KANTEK,Kainu Food
M1B25218,Alimento Seco Holistico Adulto 8KG Super Premium- KANTEK,$242.87,KANTEK,Kainu Food
7503003238362,Alimento Seco Holistico Cachorro 2KG Super Premiun- KANTEK,$168.23,KANTEK,Kainu Food
7503003238669,Alimento Seco Holistico Felinos 3KG Super Premiun- KANTEK,$275.91,KANTEK,Kainu Food
FELKAN00251EJ,Alimento Seco Holistico Felinos 6KG Super Premiun- KANTEK,$514.49,KANTEK,Kainu Food
7503003238683,Alimento Seco Holistico Veteranos  2KG Super Premiun- KANTEK,$204.63,KANTEK,Kainu Food
7501072210661,Alimento Seco para cachorro raza grande 13kg - Pro Plan Puppy,"$1,097.61",PROPLAN,Kainu Food
MINNUP0009371,Alimento Seco para Cachorro Raza Mini 1KG - Nupec,$133.62,Nupec,Kainu Food
493025,Alimento Seco para Cachorro Raza Pequeña Small Puppy  (1.14 kg.) - Royal Canin,$238.93,,
493014,Alimento Seco para Cachorro Raza Pequeña Small Puppy  (341 g.) - Royal Canin,$76.78,,
PEQNUC00092Z8,Alimento Seco para Cachorro Raza Pequeña 2KG - Nupec,$225.43,Nupec,Kainu Food
CACNUP00091E2,Alimento Seco para Cachorro 2KG- Nupec,$181.44,Nupec,Kainu Food
7501072206305,Alimento Seco para Gato Adulto Urinary 3 kg - Pro Plan,$566.63,Purina,Kainu Food
543507,Alimento Seco para Gato Persian 3.18KG- ROYAL CANIN,$644.32,Royal Canin,Kainu Food
38100136626,Alimento Seco para Gato Veterinary Diets OM Overweight Management 7.26KG - Proplan,$0.01,PROPLAN,Kainu Style
8200071,Alimento Seco para Perro Adulto Small and Toy 3kg - Virbac,$483.84,VIRBAC,Kainu Food
561612,Alimento seco para perro Advanced Mobility 12kg - Royal Canin,"$1,762.21",Royal Canin,Kainu Food
460435,Alimento Seco para Perro Hepatic Dog 3.5KG - ROYAL CANIN,$675.03,Royal Canin,Kainu Food
5274200021,Alimento Seco para perro Multicare C/D 12.5kg - Hills,"$2,114.48",,
74198002405,Alimento Seco para Perro Puppy 18kg -  Diamond,$0.00,DIAMOND,Kainu Food
2073015,Alimento Seco para Perro Satiety Support 1.5KG - ROYAL CANIN,$3.01,Royal Canin,
C_AA03NT16,Alimento seco para perro senior Nupec 2kg,$241.59,Nupec,Kainu Food
564566,Alimento Seco para Perro Urinary SO 3KG -  ROYAL CANIN,$501.08,Royal Canin,Kainu Food
1810500,Alimento Seco para Perro Veterinary Diets Canine DRM Naturals  2.72KG - Proplan,$500.26,PROPLAN,Kainu Style
1744100,Alimento Seco para Perro Veterinary Diets Canine HA Hipoalergenico 2.72KG - Proplan,$578.71,PROPLAN,Kainu Style
1810600,Alimento Seco para Perro Veterinary Diets Canine JM 2.72KG - Proplan,$482.15,PROPLAN,Kainu Style
38100102324,Alimento Seco para Perro Veterinary Diets EN Gastroenteric Low-Fat 7.26KG  - Proplan,$0.01,PROPLAN,Kainu Style
3810017103,Alimento Seco para perro Veterinary Diets Neuro Care 2.75kg - Proplan,$578.70,PROPLAN,Kainu Food
3810013846,Alimento Seco para perro Veterinary Diets NF Kidney Function 2.72kg - Proplan,$482.15,PROPLAN,Kainu Food
1744500,Alimento Seco para Perro Veterinary Diets OM Overweight 2.72 KG -Proplan,$488.19,PROPLAN,Kainu Style
WEINUP00087MM,Alimento Seco para Perro Weight Control Raza Pequeña 2KG- Nupec,$248.15,Nupec,Kainu Food
1006202502181031,Alimento Seco para Perro Weight Control 2kg - Nupec,$236.68,Nupec,
8200133,Alimento Seco para perro #1 Weight Loss and Diabetes 3kg - Virbac,$552.24,,
1006202502181027,Alimento Seco Senior 8kg - Nupec,$818.96,Nupec,
75010885901081,Alin 0.5mg - 1 Tab,$15.00,,Kainu Healt
7504350531267,Almohadilla de Lamer para Mascotas,$21.55,,
3085400,AMARRADOR DE ACERO C/DEST.NIQ FLOTANTE,$376.21,TIBET,Kainu Style
75022626300161,Amox C - 1 tab,$3.50,BIO ZOO,Kainu Healt
7502262630016,Amox C - 30 tab,$210.00,BIO ZOO,Kainu Healt
3760098110322,Ampoleta Dermoscent Pyo Spot 10,$0.01,,Kainu Healt
3760098110018,Ampolleta Dermoscent Essential 6 Spot On Dogs (0 - 10kg),$113.80,,Kainu Healt
ARCAR05,ARENA CARBON ACTIVADO 5KG - PETGURU,$100.76,PETGURU,Kainu Care
LAV05,ARENA LAVANDA 5KG - PETGURU,$98.89,PETGURU,Kainu Care
ARLIM05,ARENA LIMON 5KG - PETGURU,$98.92,PETGURU,Kainu Care
1005202502181135,Arena para Gato con Aroma a Limón 20kg – Sunny Pets,$245.69,Sunny Pets,
AREKM10,Arena para Gato 10kg - Kat Miau,$171.55,,Kainu Healt
7502234335727,Arenero Deluxe 46 x 37.5 x 13cm Pawffy,$92.23,Bama pet,
100120250218301,Arenero KAINU con Rejilla para Limpieza de Patas 51.3 x 39 x 24.3 cm,$220.69,Bama pet,
420036942467,Atopica 100mg 30 tab - Elanco,"$1,092.31",,Kainu Healt
7798042364343,Atriben Suspension Iny 1ml,$18.90,,Kainu Healt
75063451000142,Azitrokir M 200 1 Tab,$36.50,Kiron,Kainu Healt
7506345100014,Azitrokir M 200 6 Tab,$219.00,Kiron,Kainu Healt
BALSH01,Balsamo hidratante para patitas - Petguru,$17.96,Bama pet,
7501556479065,Biberon para cachorros - Naturance,$23.28,,Kainu Healt
7502262630740,Biodipirona 1ml,$1.14,Mederil Lab,Kainu Healt
7503040224220,Bolsa para transporte de mascotas chica - KAINU PET,$127.75,KAINU,Kainu Home
7503040224218,Bolsa para transporte de mascotas grande - KAINU PET,$0.00,KAINU,ACTIVACIONES
7503040224219,Bolsa para transporte de mascotas mediana - KAINU PET,$133.00,KAINU,Kainu Home
TOT0240,Bolsas Tottem Eco 240pz,$216.00,,Kainu Care
TOT060,Bolsas Tottem Eco 60pz,$58.00,,Kainu Care
BROMED002092F,BORDETELLA,$151.69,,Kainu Healt
7503040230240,Botella portátil con bebedero integrado para mascotas 550ml – KAINU,$102.30,KAINU,Kainu Play
3010900,BOZAL DE NYLON 00,$49.51,TIBET,Kainu Style
3059000,BOZAL DE NYLON 00 CH,$47.37,TIBET,Kainu Style
3011000,BOZAL DE NYLON 01,$53.77,TIBET,Kainu Style
3011100,BOZAL DE NYLON 02,$57.56,TIBET,Kainu Style
3011200,BOZAL DE NYLON 03,$59.09,TIBET,Kainu Style
3089900,BOZAL DE NYLON 04,$64.41,TIBET,Kainu Style
BRAMED00206S8,BRAVECTO 1MTRIPLE 200MG 3X1TAB,$167.15,,Kainu Healt
BRAMED00205VO,BRAVECTO 1MTRIPLE 25MG 3X1TAB,$138.33,,Kainu Healt
10003550,BRAVECTO 1MTRIPLE 400MG 3X1TAB,$185.67,Bravecto,Kainu Healt
10002428,BRAVECTO 250MG 4.5 A 10KG NAR 1,$368.00,,
713184135285,BRAVECTO 500 MG 10 - 20KG,$351.00,Bravecto,Kainu Healt
10003467,BRAVECTO1M TRIPLE 50MG 1X1TAB,$147.34,,
10003536,BRAVECTO1MTRIPLE100 3X1TAB,$146.77,,
8846900369043,Cadena Metálica para Perro – Talla L – Bravo Mascotas,$56.03,,OTRO
PI0101-0339,Cama Fluffy Chica - Glee,$211.21,,
CMADK01,Cama madera para Mascotas - Kainu,$0.00,KAINU,Kainu Home
7503040223093,Cama para gatos en ventanal con ventosas de alta resistencia – KAINU PET,$46.00,KAINU,Kainu Home
PI0121-0302,Cama Renimals Rana Chica -Glee,$224.13,,
A842A01,CANINSULIN 5ML,$163.50,MSD,Kainu Healt
7502276571121,CANOPLEX CALCIO AD3 30 TABL,$209.25,HOLLAND,Kainu Healt
7798042365845,Cardial B 2.5 mg 20 Tab,$371.00,Hollyday,Kainu Healt
5701170434538,Cardisure Flavoured 5mg 100 Tab,"$1,403.25",Dechra,Kainu Healt
3137100,Casa Cama Cubo 2 en 1 - CH (57x47x40cm) - Tibet,$302.59,TIBET,Kainu Style
3137400,Casa Cama Cubo 2 en 1 - M (65x55x45cm) - Tibet,$353.02,TIBET,ACTIVACION
7503040236224,Casita para mascotas afelpada 43x36x34 cm -KAINU,$126.00,KAINU,Kainu Home
7503040236225,Casita para mascotas afelpada 48x40x39 cm -KAINU,$157.50,KAINU,ACTIVACIONES
7503040236226,Casita para mascotas afelpada 53x46x43 cm -KAINU,$185.50,KAINU,ACTIVACION
7503040236229,Casita para mascotas pequeñas 40x40cm - KAINU,$238.00,KAINU,ACTIVACION
7503040236230,Casita para mascotas pequeñas 50x50cm - KAINU,$311.50,KAINU,BISUTERIA
SP-3799,Catnip Natural para Gatos – Sunny Pets,$20.75,Sunny Pets,
7506362401033,Cefalmed 30 1 Tab,$19.75,,Kainu Healt
750399291,Cefamax 250mg - 1 Tab,$0.00,BIO ZOO,Kainu Healt
75039929,Cefamax 250mg - 20 Tab,$210.70,BIO ZOO,Kainu Healt
2088500,CEPILL DESLANADOR DE PELO LARGO GATO M/G,$503.64,TIBET,Kainu Style
2088300,CEPILLO DESLANADOR DE PELO LARGO PERRO GRANDE,$494.90,TIBET,Kainu Style
888556165097,Cepillo Doble para Mascota,$21.55,,
7503040234238,Cepillo para mascotas con mango ergonómico – KAINU,$23.10,KAINU,Kainu Play
SP-2879,"Cepillo tipo carda reforzada mediana con púas metálicas, para perros y gatos Petunius",$71.98,Petunius,Kainu Care
CHALEP2,Chaleco Polar para Perros y Gatos Talla 2 – Chihuahuau,$80.17,,OTRO
3069500,Chamarra Rompevientos Talla G - Tibet,$144.23,TIBET,Kainu Style
3065800,Chamarra Rompevientos Talla M - Tibet,$129.10,TIBET,Kainu Style
3025803,CLASICA PECHERA FIJA 00 (38CMX1.1CM)MIEL,$51.94,TIBET,Kainu Style
3026001,CLASICA PECHERA FIJA 02 49CMX1.2CM NEGRO,$69.09,TIBET,Kainu Style
3021701,CLASICO COLLAR 16 (16x3/4pg) negro 0.030Kg,$46.17,,Kainu Play
3021902,CLASICO COLLAR 20 (20 X 3/4 PG) TINTO,$51.11,,Kainu Play
7506362400159,CLINDACIN 10 1TAB,$11.10,MederiLab,Kainu Healt
7506362400470,CLINDACIN 30 1 TAB,$19.13,MederiLab,Kainu Healt
7502276571183,Clorexiderm Max Spray 120ml,$243.75,,Kainu Healt
G_NUFWC159,Cluster Adulto 100g- Nupec,$17.51,Nupec,OTROS
G_NUFWC161,Cluster Cachorro 100g -Nupec,$16.51,Nupec,Kainu Food
1006202502181077,Cluster Felino Hairball 100g - Nupec.,$18.86,Nupec,
CNFI125487,Cluster Felino Indoor 100g - Nupec,$17.51,Nupec,
1006202502181079,Cluster Felino Kitten 100g - Nupec,$15.56,Nupec,
G_NUFWC167,Cluster Felino Urinary 100g - Nupec,$17.92,Nupec,OTROS
7503026084342,Cluster Weight Control 100g- Nupec,$16.79,Nupec,Kainu Food
8846900356180,Collar Acolchado Reflectante Bicolor para Perro – Talla M – Bravo Mascotas,$43.10,,OTRO
3084600,Collar Ajustable Elástico con Cascabel para Gato - Tibet,$48.36,TIBET,Kainu Style
3136100,Collar Artesanal de Piel con Cinta Tejida (26 x 1 pulgadas) - Tibet,$85.74,TIBET,Kainu Style
2028100,COLLAR CADENA OVALADO LARGO 24 X 3.0 MM,$91.89,,Kainu Play
2001000,COLLAR CADENA 20 X 3.0 MM,$87.04,,Kainu Play
2086800,COLLAR CADENA 24 X 3.0 MM INOXIDABLE,$137.62,,Kainu Play
2004500,COLLAR CADENA 28 X 4.0 MM INOXIDABLE,$199.48,,Kainu Play
7500311654717,Collar Chico para Mascotas – Kainu Pet,$17.88,,OTRO
CBRI1,Collar con Brillos para Mascotas – Varios Colores – Hamermex de México,$6.15,,OTRO
7500093814131,Collar con Cascabel para Gatos – Trainer’s Choice,$49.91,,OTRO
6977547562923,Collar con Correa y Moño para Mascotas  – Kainu Pet,$21.55,,OTRO
CPER1,Collar con Estampado de Perritos para Mascotas – Varios Colores – Hamermex de México,$6.15,,OTRO
CPUN1,Collar con Estampado de Puntos para Mascotas – Varios Colores – Hamermex de México,$6.15,,OTRO
CPAL1,Collar con Paliacate de Tactopiel para Mascotas – Varios Colores – Hamermex de México,$8.22,,OTRO
2085400,Collar de Cadena Planchada 2.0mm 14pg - Tibet,$89.65,TIBET,Kainu Style
2085500,Collar de Cadena Planchada 2.0mm 16pg - Tibet,$96.94,TIBET,Kainu Style
3087600,Collar de Cinta Sintética Grabada 10 x 1/2 pulgadas - Tibet,$33.79,TIBET,Kainu Style
CCUERS1,Collar de Cuero para Perros – Talla Chica – Big Dog,$11.77,,OTRO
CCUERG1,Collar de Cuero para Perros – Talla Grande – Big Dog,$11.76,,OTRO
3048000,Collar de Nylon Doble 26 x 2 pulgadas - Tibet,$107.92,TIBET,Kainu Style
3048100,Collar de Nylon Doble 28 x 2 pulgadas - Tibet,$108.94,TIBET,Kainu Style
3026700,Collar de Piel con Cinta Bordada 20pg - Tibet,$49.92,TIBET,Kainu Style
3026900,Collar de Piel con Cinta Bordada 24 pulgadas - Tibet,$67.08,TIBET,Kainu Style
3093500,Collar de Piel Punteada 12 x 1/2 pulgadas - Tibet,$38.33,TIBET,Kainu Style
3094000,Collar de Piel Punteada 22 x 1 pulgadas - Tibet,$78.17,TIBET,Kainu Style
3017700,Collar Fantasy 13 x 1/2 pulgadas - Tibet,$31.27,TIBET,Kainu Style
3017800,Collar Fantasy 14 x 1/2 pulgadas - Tibet,$41.27,TIBET,Kainu Style
3089300,Collar Gato Ajustable Elástico Estampado con Cascabel - Tibet,$41.64,TIBET,Kainu Style
3029100,COLLAR ISABELINO CON BOTONES 01 (cuello max.28cm),$53.35,TIBET,Kainu Style
3029200,COLLAR ISABELINO CON BOTONES 02(cuello max. 29cm),$68.51,TIBET,Kainu Style
3029300,COLLAR ISABELINO CON BOTONES 03(cuello max. 33cm),$76.65,TIBET,ACTIVACION
3029400,COLLAR ISABELINO CON BOTONES 04 (cuello max. 43cm),$64.00,TIBET,Kainu Style
3029500,COLLAR ISABELINO CON BOTONES 05(cuello max.45cm),$118.72,TIBET,Kainu Style
3042900,COLLAR ISABELINO CON BOTONES 06 (cuello,$121.48,TIBET,HEALTHY LIFESTYLE
3043000,COLLAR ISABELINO CON BOTONES 07 (cuello Max.58cm),$145.24,TIBET,Kainu Style
7502218234726,Collar para Gato con Cascabel,$21.55,,
CPES1,Collar para Gato con Estampado de Pescado – Varios Colores – Hamermex de México,$6.55,,OTRO
7503040116049,Collar para mascotas con luz led a base de pilas - KAINU,$20.35,KAINU,Kainu Style
7503040116050,Collar para mascotas con luz led recargable - KAINU,$35.57,KAINU,Kainu Style
3030304,COLLAR PIEL C/PICOS MIXTO 22 pg CAFE,$98.19,,Kainu Play
3093800,COLLAR PIEL PUNTEADA 18 (18 x 3/4pg),$53.82,TIBET,Kainu Style
3094300,COLLAR PIEL PUNTEADA 8 (8 x 1/2pg),$32.18,TIBET,Kainu Style
3129400,COLLAR REDONDO POLIPROP AJ. ENTR26pgx14mm,$60.07,TIBET,Kainu Play
3129300,COLLAR REDONDO POLIPROP.AJ.ENTR.24pgx14mm,$62.88,TIBET,Kainu Style
8846900356005,Collar Reflectante Azul para Perro – Talla XS – Bravo Mascotas,$15.52,,OTRO
8846900356463,Collar Reflectante Beige para Perro – Talla M – Bravo Mascotas,$34.48,,OTRO
8846900356814,Collar Rojo para Perro – Talla L – Bravo Mascotas,$36.21,,OTRO
3124000,Collar trenzado de Piel Colores 24 x 1 1/4pg - Tibet,$136.16,TIBET,Kainu Style
8846900356821,Collar Verde para Perro – Talla L – Bravo Mascotas,$23.28,,OTRO
1105200,COMBO NEXGARD GATO L 2.5 A  7.5 KG,$243.17,,
1105300,COMBO NEXGARD GATO S 0.8 A   2.5KG,$222.96,,
7502099407010,Complenay Amino Max 1ml,$1.43,,Kainu Healt
7500093814995,Correa Azul Extra Chica para Perros – Trainer’s Choice,$39.66,,OTRO
3083102,Correa con Argolla de 1.2M - Tibet,$87.97,TIBET,Kainu Style
3060000,Correa Cordón Poliéster 1.2m x 12mm - Tibet,$111.96,TIBET,Kainu Style
3080300,Correa de Cinta Plastica de 1.2m - Tibet,$179.31,TIBET,Kainu Style
3139800,Correa de Entrenamiento Ajustable con Nudos 2.5m - Tibet,$180.04,TIBET,Kainu Style
3021004,Correa de Piel con Cadena 2.5mm Café - Tibet,$251.56,TIBET,Kainu Style
3021003,Correa de Piel con Cadena 2.5mm Miel - Tibet,$147.10,TIBET,Kainu Style
3021002,Correa de Piel con Cadena 2.5mm Tinto 48 pulgadas - Tibet,$0.01,TIBET,Kainu Style
3021303,Correa de Piel con Cadena 4.0mm Miel - Tibet,$322.20,TIBET,Kainu Style
3021301,Correa de Piel con Cadena 4.0mm Negra - Tibet,$322.21,TIBET,Kainu Style
3027100,Correa de Piel con Cinta Bordada 03 1.20m x 16mm - Tibet,$87.25,TIBET,Kainu Style
3136300,Correa de Piel y Cinta Tejida Artesanal (1.2m x 1 pulgada) - Tibet,$146.25,TIBET,Kainu Style
3032600,Correa de Polipropileno Reforzado 1.20m x 25mm - Tibet,$95.82,TIBET,Kainu Style
7500525212023,Correa Doble Mango para Perros Grandes – Trainer’s Choice,$138.13,,OTRO
8846900350058,Correa Extensible Rosa para Perro – 3 m – Bravo Mascotas,$120.00,,OTRO
3096600,Correa Manos Libres Ajustable (26-44 pg) - Tibet,$210.80,TIBET,Kainu Style
3096700,Correa Manos Libres (22-36 pg) - Tibet,$225.18,TIBET,Kainu Style
7500525211996,Correa para Mascotas Talla Chica – Trainer’s Choice,$47.33,,OTRO
7502255471800,Correa para Perros Talla Chica – Trainer’s Choice,$116.38,,OTRO
7502255471817,Correa para Perros Talla Mediana – Trainer’s Choice,$131.04,,OTRO
3093300,CORREA PIEL PUNTEADA 02 (1.20m X 12mm),$72.62,,Kainu Play
3093400,CORREA PIEL PUNTEADA 03 (1.20 m X 16mm),$88.31,,Kainu Play
3016300,Correa Poliester 1.80m  XXG - Tibet,$138.52,TIBET,
7503040229169,Correa retractil 3 mts - KAINU,$102.30,KAINU,Kainu Home
7503040229170,Correa retractil 5 mts - KAINU,$115.82,KAINU,Kainu Home
2004100,Correa retractil 5m XG Amarillo - Roller,$244.09,Bama pet,
3069600,Correa trote poliester Azul - Tibet,$112.54,Bama pet,
3083200,CORREA TROTE POLIESTER 8MM X 1.4M M89K,$66.79,TIBET,Kainu Play
SP-7806,Cortaúñas tipo guillotina con luz LED integrada Petunius,$109.49,Petunius,Kainu Care
7709751207555,Creamy Snack para Gatos Sabor Atún – Lopets,$35.43,,OTRO
7709751207548,Creamy Snack para Gatos Sabor Katsuobushi y Atún – Lopets,$35.43,,Kainu Food
7709751207593,Creamy Snack para Gatos Sabor Salmón – Lopets,$35.43,,Kainu Food
7709751207586,Creamy Snack para Gatos Sabor Verdel – Lopets,$35.43,,OTRO
100000111,Crema Don Ricardo Plus 60Gr,$149.80,,
7798176423022,Crema 6A de 15g,$228.75,LABYES,Kainu Healt
7503040230171,Cucharon para premios de gato - KAINU,$9.57,KAINU,Kainu Home
7502010427103,CYCLAVANCE 100MG 50ML,"$1,950.00",VIRBAC,Kainu Healt
7506343802675,Dermatryl Shampoo Medicado 350ml,$243.00,,Kainu Healt
7506362400401,DERMISAN SPRAY 60 ML,$138.75,MederiLab,Kainu Healt
7503002113776,Dermoplex Crema 60g,$242.20,HOLLAND,Kainu Healt
SP-2890,"Deslanador Duo con 12 + 24 cuchillas, para perros y gatos Petunius",$159.48,Petunius,Kainu Care
7506419503734,Desparasitante Shiel In 1 tab -  Lapisa,$8.11,,Kainu Healt
7506419503994,Desparasitante Shield Out  10 - 20kg  - Lapisa,$123.51,,Kainu Healt
7506419503956,Desparasitante Shield Out  2 - 4.5kg - Lapisa,$112.10,,Kainu Healt
7506419504014,Desparasitante Shield Out  20 - 40kg  - Lapisa,$262.20,,Kainu Healt
7506419503970,Desparasitante Shield Out  4.5 - 10kg - Lapisa,$236.50,,Kainu Healt
10000978,DIRULAN 50MG 20 TAB,$149.25,,Kainu Healt
DREN04,Disfraz de Reno para Perros y Gatos  Talla 4 – Chihuahuau,$90.77,,OTRO
DRENO0,Disfraz de Reno para Perros y Gatos Talla 0 – Chihuahuau,$64.72,,OTRO
DRENO6,Disfraz de Reno para Perros y Gatos Talla 6 – Chihuahuau,$107.28,Chihuahuau,Kainu Healt
7506343802422,Doxipets 400 - 1 Tab,$13.64,PETSPHARMA,Kainu Healt
10001732,EAR CLEAN 120 ML,$125.25,HOLLAND,Kainu Food
7506343800770,Efa Derm 125 ml,$248.71,,Kainu Healt
7502099406983,Electrodex Dog Mora Azul 62ml,$40.80,,Kainu Healt
18065970169,Eliminador de Manchas y Olores  con Formula Enzimatica Perros 946ml (32oz) -  Nature´s Miracle,$150.86,NATURES MIRACLE,Kainu Play
7506362400173,Enrodip 1 Tab,$5.77,Mederil Lab,Kainu Healt
7502010429343,Epiotic Sis 100ml - Virbac,$183.60,,Kainu Healt
10052025021879,Escorpión de caucho – Sharpaw,$7.76,Sharpaw,Kainu Play
3106200,EXTENSION POLIPROP.REDONDO 23pg x 8mm,$111.45,TIBET,Kainu Style
FAJA0,Faja Postoperatoria # 0,$50.78,Chihuahuau,Kainu Healt
FAJA1,Faja Postoperatoria # 1,$58.15,Chihuahuau,Kainu Healt
FAJA3,Faja Postoperatoria # 3,$69.61,Chihuahuau,Kainu Healt
FAJA7,Faja Postoperatoria # 7,$114.66,Chihuahuau,Kainu Healt
FAJAG0,Faja Postoperatoria para Gato # 0,$61.21,Chihuahuau,Kainu Healt
3411112261956,FELIWAY CLASSIC SPRAY 60 ML,$620.68,CEVA,Kainu Healt
3605874652668,FLEXADIN ADVANCED ORIG 60 TABS,$976.23,VETOQUINOL,Kainu Healt
67761121,FRAGANCIA VARIOS ARTOMAS  PARA MASCOTAS - ESPECIAL BAÑO KAINU PET,$284.48,,
7503040125094,Fuente de agua transparente con flor para gatos y perros – KAINU,$80.00,KAINU,Kainu Home
7506362400555,Gastryl 1ml,$3.33,,Kainu Healt
7506362400562,Gastryl 20ml Oral,$69.00,Mederil Lab,Kainu Healt
7506362400678,GENTADEX,$92.25,MederiLab,Kainu Healt
7798176422902,Gerioox 30 Tab,$858.75,LABYES,Kainu Healt
GIAMED00210LB,GIARDIA VAX,$182.36,,
HUEHIGDG1,Huellitas de Higado para Mascotas - Doggie Gourmet,$30.17,,
HUEPLTDG3,Huellitas de Platano para Mascotas - Doggie,$30.17,,
HUEPOLDG2,Huellitas de Pollo para Mascotas - Doggie,$30.17,,
HUEZANDG4,Huellitas de Zanahoria para Mascotas - Doggie,$30.17,,
7500311748460,Huesito Chillón Peluche,$21.55,,
3123000,HUESITO PORTA BOLSAS C/15BOLSAS,$44.36,TIBET,Kainu Style
850065533100,Huesitos de cerdo deshidratados – Crunchies (2 piezas),$30.17,,Kainu Food
1076500,Hueso de Carnaza Masticable  Mediano (5 - 6 pulgadas) - Tibet,$0.01,TIBET,ACTIVACION
1076200,Hueso de carnaza masticable (2 - 3 pulgadas) - Tibet,$4.82,TIBET,Kainu Style
1076700,Hueso de carnaza masticable (7 - 8 pulgadas) - Tibet,$21.46,TIBET,Kainu Style
10052025021878,Hueso liso de caucho – Sharpaw,$8.62,Sharpaw,ACTIVACION
7506348800300,INMUNO-VET 50 ML,$241.38,INNOPHARMA,Kainu Healt
10003299,Inyección de Cerenia Dosis de 1ML,$96.25,Zoetis,Kainu Healt
734448009706,Iverfull Sol Iny 100ml - Aranda,$240.80,,Kainu Healt
10002455,Jeringa Nobivac 2ML 21 G,$0.01,Bama pet,
3043100,Juego Correa y Collar Cinta Tubular 16pg - Tibet,$82.48,TIBET,Kainu Style
3088500,Juego Correa 1.2m Pechera CH -  Tibet,$135.61,Bama pet,
3088700,Juego Correa 1.2m Pechera G  - Tibet,$164.20,Bama pet,
3088600,Juego Correa 1.2m Pechera M  - Tibet,$132.69,Bama pet,
3096500,Juego Correa 1.2m Pechera XG  - Tibet,$196.93,Bama pet,
3089600,Juego Correa 1.2m Pechera XS - Tibet,$118.01,Bama pet,
3096400,Juego Correa 1.2m Pechera XXG - Tibet,$159.26,Bama pet,
3089700,Juego Correa 1.2m Pechera XXS - Tibet,$114.98,Bama pet,
3131800,Juego Correa 1.2m tipo chaleco para Gato Morado M - Tibet,$117.00,Bama pet,
3084900,Juego de Pechera con Correa Princess CH – Tibet,$145.24,TIBET,Kainu Style
3115700,Juego de Pechera con correa Smoking Talla CH - Tibet,$162.39,TIBET,Kainu Style
3115900,Juego de Pechera con correa Smoking Talla GDE - Tibet,$164.07,TIBET,Kainu Style
3115800,Juego de Pechera con correa Smoking Talla M - Tibet,$151.96,TIBET,Kainu Style
3115600,Juego de Pechera con correa Smoking Talla XS - Tibet,$134.15,TIBET,Kainu Style
3116100,Juego de Pechera con correa Smoking Talla XXG - Tibet,$191.87,TIBET,Kainu Style
3115500,Juego de Pechera con correa Smoking Talla XXS - Tibet,$115.21,TIBET,Kainu Style
3116400,Juego Pechera con correa Tela Diseño Talla CH - Tibet,$150.79,TIBET,Kainu Style
3116700,Juego Pechera con correa Tela Diseño Talla XG - Tibet,$191.64,TIBET,Kainu Style
3116800,Juego Pechera con correa Tela Diseño Talla XXG - Tibet,$213.83,TIBET,Kainu Style
3116200,Juego Pechera con correa Tela Diseño Talla XXS - Tibet,$124.56,TIBET,Kainu Style
791860091818,Juguete de Cuerdas Gruesas,$21.55,,
7503040135216,Juguete inteligente para gatos - KAINU,$273.00,KAINU,Kainu Play
7503040135215,Juguete interactivo para gatos 3 en 1 - KAINU,$360.50,KAINU,Kainu Play
4214663,Juguete Lanza y Tira Space Lobber Tug - GOOD BOY,$88.14,TIBET,Kainu Style
SP-3772,JUGUETE PARA GATOS PAWFFY RATON DE PLASTICO CON SISTEMA DE CUERDA PARA AVANZAR,$6.65,,
5000239085255,Juguete para Perro Space Lobber Squeaky G - Good Boy,$100.21,GOOD BOY,Kainu Play
7503040216227,Juguete para perros en forma de Cocodrilo - KAINU,$66.50,KAINU,Kainu Home
7506345100274,Kiropred 5 1 Tab,$33.92,Kiron,Kainu Healt
7501556439052,Kit Dental para perros - Fancy Pets,$77.59,,Kainu Healt
7503016845779,Lava Tears 120ml,$234.33,,Kainu Healt
100043512,LEIDOFS 100 1 CAP,$5.07,ALPHA CHEM,Kainu Healt
10004352,LEIDOFS 400 1 CAP,$13.65,,Kainu Healt
7506396701369,L-HISTAMIN 60 MG 20 TABS,$90.75,Dechra,Kainu Healt
7506396701369,L-HISTAMINA 1 ML,$2.64,Dechra,Kainu Healt
4567869,LIMPIADOR DE OIDOS EAR CLEANER 3.78 ADBON,"$1,119.83",,Kainu Style
4558732,LIMPIADOR DE OJOS CLEAN EYES  125 ML,$77.59,,Kainu Style
1064500,Limpiador Enzimático Destructor de Orina PLUS para Perro 946ml (32oz) - Natures Miracle,$177.56,Nature´s Miracle,Kainu Play
MASH01,Mascarilla hidratante para mascotas - Petguru,$89.80,Bama pet,
7502010427066,MEGADERM  SOBRE 4ML,$17.12,VIRBAC,Kainu Healt
7502010427067,MEGADERM CAJA 28 SACHETS - VIRBAC,$371.27,,Kainu Healt
75030163845007,Meibux Omega 3.5ml,$343.47,,Kainu Healt
7898019866235,MELOXIFIN 2 MG  1 TAB,$18.09,OUROFINO,Kainu Healt
7898019866228,MELOXIFIN .5 MG  1 TAB,$8.20,OUROFINO,Kainu Healt
75022626300781,Meloximax 1mg - 1 Tab,$10.57,BIO ZOO,Kainu Healt
906021,Meloximax 3mg - 1 Tab,$9.89,BIO ZOO,Kainu Healt
7506343800046,Meloxivet Pet Iny 1ml,$22.13,,Kainu Healt
CHIWOO0028493,Microchip de Identificacion Almacenamiento de Radiofrecuencia- Woofio,$180.00,Woofio,Kainu Style
7503040224228,Mochila transportadora Hello Cat - KAINU,$119.00,KAINU,ALIMENTOS Y BEBIDAS
7503040224217,Mochila transportadora para Gatos tipo Burbuja - KAINU,$0.00,KAINU,ACTIVACION
6975570175783,Moño Morado para Mascotas – Kainu Pet,$21.55,,OTRO
7506425900787,Movoflex Dog L 6g,$565.74,VIRBAC,Kainu Home
7506425900794,Movoflex Dog M 4g,$307.12,VIRBAC,Kainu Home
7506425900800,Movoflex Dog S 2g,$294.18,VIRBAC,Kainu Healt
2079700,NAVAJA CERAMIC EDGE No 4F,"$1,142.24",TIBET,Kainu Style
10001634,Neutrac 1ML,$5.33,Halvet,Kainu Healt
4391782012,Neutralizador de Olores - Wahl,$56.03,,Kainu Home
7730997410942,NEXGARD SPECTRA L 15.1 A 30 KG,$231.34,BOEHRINGER,Kainu Healt
7730997410959,NEXGARD SPECTRA M PP 7.6 A 15 KG,$215.54,BOEHRINGER,Kainu Healt
7730997410935,NEXGARD SPECTRA XL 30.1 A 60,$257.28,BOEHRINGER,Kainu Healt
7730997410973,NEXGARD SPECTRA XS PP 2 A 3.5 KG,$192.47,BOEHRINGER,Kainu Healt
7506362400197,NIDAZOL 10 - 1 Tab,$4.17,Mederil Lab,Kainu Healt
7506362401576,NIDAZOL 30 - 1 Tab,$11.73,Mederil Lab,Kainu Healt
93007,NIDAZOL 60 ML,$120.00,,Kainu Healt
8713184081759,NOBIVAC DHPPI,$148.94,NOBIVAC,Kainu Healt
10000007,NOBIVAC DHPPI + LEPTO,$143.37,MSD,Kainu Healt
8713184080660,NOBIVAC DHPPI + RL,$167.60,NOBIVAC,Kainu Healt
92077,NOBIVAC FELINE 1-HCP + FELV,$200.82,NOBIVAC,Kainu Healt
NOBMED00204DM,NOBIVAC FELINE 2-FELV 1 DS,$143.78,,Kainu Healt
1027200,NOBIVAC RABIA 1 DS,$59.90,,
92025,NOBIVAC RL,$59.90,NOBIVAC,Kainu Healt
92014,NOBIVAC TRICAT TRIO,$110.20,,Kainu Healt
NOVMED00200VG,NOVIBAC PUPPY DP PLUS 1 DS,$182.15,,Kainu Healt
7506343803122,Nutricovery Dog 180ml,$351.78,PETS PHARMA,Kainu Healt
7502010420258,Nutriplus Gel,$237.62,VIRBAC,Kainu Healt
100920250218409,Nuty scent  Canis Hilton Macho 125ml,$43.10,Nuty Pet,Kainu Home
7506362400906,Oftaldic Susp Oftalmica 10ml,$73.50,,Kainu Healt
7503002113790,Omegaderm Shampoo 350ml,$348.00,,Kainu Healt
7506362400661,OMEPRA 10 mg 1 TAB,$4.93,MederiLab,Kainu Healt
7898019864293,OTOGEN 15 GR.,$230.55,OUROFINO,Kainu Healt
7503040116186,Ovni con luz led y camara - KAINU,$237.60,KAINU,Kainu Play
791860074996,Pala Desechos,$21.55,,
SCA-02,Pala para heces - Pawffy,$19.83,Pawffy,Kainu Play
PALHIGDG1,Paleta de Higado para Mascotas -  Doggie Gourmet,$30.19,,
PALPLTDG3,Paleta de Platano para Mascotas - Doggie Gourmet,$25.86,,
PALPOLDG2,Paleta de Pollo para Mascotas - Doggie Gourmet,$30.17,,
PALZANDG4,Paleta de Zanahoria para Mascotas - Doggie Gourmet,$25.86,,
7500093787879,Paliacate para Mascotas Talla Chica – Trainer’s Choice,$76.72,,OTRO
6977547562893,Pañuelo para Mascotas – Kainu Pet,$21.55,,OTRO
7501088593345,Parasitin Puppy Susp Oral 1ml,$3.29,CHINOIN,Kainu Healt
1100400,Patas de Pollo Deshidratadas 100% Naturales (10 piezas) - Nutri Meals,$28.00,TIBET,Kainu Style
7503040116172,Pato con movimiento - KAINU,$165.00,KAINU,Kainu Play
3055400,Pechera Ajustable de Nylon 68 x 5cm - Tibet,$292.00,TIBET,Kainu Style
3032900,Pechera Ajustable de Polipropileno Simple 03 - Tibet,$154.32,TIBET,Kainu Style
3032800,Pechera Ajustable de Polipropileno 02 - Tibet,$130.62,TIBET,Kainu Style
7500311040281,Pechera Chica,$21.55,,
8846900361009,Pechera de Gamusa Azul para Perro – Talla XS – Bravo Mascotas,$60.34,,OTRO
8846900361047,Pechera de Gamusa Verde para Perro – Talla S – Bravo Mascotas,$47.41,,OTRO
3135700,Pechera de Malla Cruzada con Correa Talla 04 - Tibet,$179.03,TIBET,Kainu Style
5546905192457,Pechera Reflectante Naranja para Perro – Talla M – Bravo Mascotas,$68.97,,OTRO
3132200,Pechera Táctica Police K9 con Correa Elástica Talla G - Tibet,$353.02,TIBET,Kainu Style
3132100,Pechera Táctica Police K9 con Correa Elástica Talla M - Tibet,$296.99,TIBET,Kainu Style
3132000,Pechera Táctica Police K9 con Correa Elástica Talla S - Tibet,$216.33,TIBET,Kainu Style
3132001,Pechera Táctica Police K9 con Correa Elástica Talla XS - Tibet,$191.64,TIBET,Kainu Style
SP-7816,PEINE METALICO MINI CON MANGO ANTIDERRAPANTE CON PUNTAS FIJAS 50 DIENTES (pelo largo y pelo corto),$56.90,Petunius,Kainu Care
888556207537,Pelota tipo Tennis,$10.77,,
7503040237231,Peluche para mascotas con diseño de perrito multicolor – KAINU,$39.80,KAINU,Kainu Play
7503040237237,Peluche para mascotas con diseño de secadora y cuerda – KAINU,$64.35,KAINU,Kainu Play
7503040237247,Peluche para mascotas en forma de ave azul – KAINU,$39.60,KAINU,Kainu Play
7503040237341,Peluche para mascotas en forma de burrito - KAINU,$3.30,KAINU,Kainu Play
7503040237342,Peluche para mascotas en forma de conejo - KAINU,$3.30,KAINU,Kainu Play
7503040237245,Peluche para mascotas en forma de elefante azul – KAINU,$11.55,KAINU,Kainu Play
7503040237246,Peluche para mascotas en forma de elefante multicolor – KAINU,$43.56,KAINU,Kainu Play
7503040237340,Peluche para mascotas en forma de leon - KAINU,$3.30,KAINU,Kainu Play
7503040237244,Peluche para mascotas en forma de pato L – KAINU,$49.53,KAINU,Kainu Play
7503040237243,Peluche para mascotas en forma de pato M – KAINU,$39.63,KAINU,Kainu Play
7503040237242,Peluche para mascotas en forma de pato S – KAINU,$31.35,KAINU,Kainu Play
7503040237248,Peluche para mascotas en forma de perrito azul – KAINU,$42.90,KAINU,Kainu Play
7503040237233,Peluche para mascotas en forma de pulpo suave 18cm – KAINU,$66.00,KAINU,Kainu Play
7503040237234,Peluche para mascotas en forma de pulpo suave 40cm – KAINU,$118.80,KAINU,Kainu Play
7503040237235,Peluche para mascotas en forma de pulpo suave 60cm – KAINU,$191.40,KAINU,Kainu Play
7503040237236,Peluche para mascotas en forma de pulpo suave 80cm – KAINU,$317.13,KAINU,Kainu Play
7503040237232,Peluche para mascotas en forma de pulpo tejido – KAINU,$43.04,KAINU,Kainu Play
7503040237339,Peluche para mascotas en forma de vaquita - KAINU,$3.30,KAINU,Kainu Play
6777322,Perfume Crazy Banana Nuty Dog 125ml,$43.11,,
PERFN01,Perfume para mascotas neutro - Petguru,$46.60,Bama pet,
6777325,Perfume Pony Dog 2 Nuty Dog 125ml,$43.10,,
5060604535808,Perro de peluche para perro - Long Paws,$0.00,,Kainu Play
7898043434981,Petzi Gato 4 Tabs,$81.42,,Kainu Healt
7506343801272,Pharmotil Oral 1ml,$4.40,Pet´s Pharma,Kainu Healt
7502099488613,Piroflox 5% Sol Iny 1ml,$1.94,,Kainu Healt
7502099405184,Pisadol 50 Sol Iny 1ml,$9.66,,Kainu Healt
2072500,PLATO ACERO INOX CHICO PATITAS Y HUELLAS,$45.38,,Kainu Food
1060000,PLATO ACERO INOXIDABLE 12 oz,$45.38,,Kainu Food
2073200,Plato de Acero Inoxidable con Succión - Tibet,$202.15,TIBET,Kainu Style
2072700,Plato de Acero Inoxidable Patitas y Huellitas Grande  - Tibet,$118.88,TIBET,Kainu Style
2020200,Plato de Acero Inoxidable Piramidal JUMBO 64oz - Tibet,$96.55,TIBET,Kainu Style
7503053382749,Plato de Gran Capacidad para Razas Grandes – Perrísimo,$11.49,,OTRO
7503053382671,Plato Elevado para Mascotas – Mejora la Postura – Perrísimo,$11.49,,OTRO
7503053382770,Plato Hexagonal para Mascotas – Perrísimo,$11.49,,OTRO
1059300,Plato para mascotas plastico G - Tibet,$56.90,Bama pet,
1059500,Plato para mascotas plastico M - Tibet,$40.99,Bama pet,
7503040230239,Plato plegable de silicón para mascotas 650ml – KAINU,$29.37,KAINU,Kainu Play
POLVH25780,Polvo Hemostatico,$55.60,KAINU,Kainu Healt
56886834,POLVO LIMPIADOR DE OIDOS MAGIC POWDER,$73.28,,Kainu Style
10001548,PORUS ONE 500MG CAJA CON 30 SOBRES,"$1,580.40",Dechra,Kainu Healt
10004336DI,POSTBIOTICO PLUS 2GR CANINOS,$0.00,NUTRACEUTICALS,Kainu Healt
10004337,POSTBIOTICO PLUS 30 GR FELINOS,$210.00,NUTRACEUTICALS,Kainu Healt
7502276571190,Pramoxine Max Shampoo 350 ml,$323.25,,Kainu Healt
7502099402879,Prantel Plus 40kg 1 Tab,$34.34,,Kainu Healt
78980198681857,PREDICORTEN 20MG 1 TAB,$32.98,OUROFINO,Kainu Healt
7502276571053,Predni care 20mg 1 Tab,$12.41,HOLLAND,Kainu Healt
75040031,Prednimax 5  20 Tab,$159.60,BIO ZOO,Kainu Healt
7501088593390,Predoftal Sol Oftalmico 5ml,$154.00,CHINOIN,Kainu Healt
7503020053290,Premios Dental Care 180g – Nupec,$56.31,Nupec,Kainu Food
7501072221544,"Premios Felix Travesuras Salmon, Atun y Camaron 60g- Purina",$19.86,Purina,Kainu Food
7503026479889,Premios para Gatos Calming CBD 250mg - Waggys,$257.76,,Kainu Healt
1006202502181073,Premios Relax 180g - Nupec,$54.88,Nupec,
7503020053337,Premios Smart 180g- Nupec,$54.87,Nupec,Kainu Food
7798042368075,PROTELIV PASTA PARA GATOS,$385.00,Hollyday,Kainu Healt
10000334,PRUEBA FIV AB/FELV AG CAJA,$347.76,,
8809135590019,Pruebas Rápidas Parvovirus,$197.48,,Kainu Healt
7501072204141,Purina Beneful Sunrise Minis Adulto Raza Pequeña Carne 4 Kg,$217.89,,
7503040233210,Rascador para gatos curvo - KAINU,$40.25,KAINU,Kainu Play
7503040233209,Rascador para gatos plano - KAINU,$0.00,KAINU,Kainu Play
SP-2873,Rastrillo curvo con puntas redondeadas y mango flexible para perros y gatos Petunius,$75.86,Petunius,Kainu Care
SP-2872,"Rastrillo flexible doble línea con puntas redondeadas, para perros y gatos Petunius",$84.48,Petunius,Kainu Care
7502099405702,Reddy Jarabe 150ml,$1.46,,Kainu Healt
7898019868994,REGEPIL 50 ML,$367.01,OUROFINO,Kainu Healt
SP-2893,Rompenudos curvo de cuchillas dobles para perros y gatos Petunius,$130.17,Petunius,Kainu Care
SP-2889,"Rompenudos de 9 cuchillas con mango ergonómico, para perros y gatos Petunius",$100.86,Petunius,Kainu Care
7502276571244,RX GASTROPLEX OMEPRAZOL 20 MG 1 TAB.,$4.15,HOLLAND,Kainu Healt
7502276571237,RX GASTROPLEX OMEPRAZOL 5MG 1 TAB,$7.39,HOLLAND,Kainu Healt
51142700,RX RELAXICAM SUSP. 10 ML,$49.01,HOLLAND,Kainu Healt
7503002113943,RX Spectrum Amox y Ac Clav Susp 30ml,$5.33,,Kainu Healt
7503045915214,Sachet Premio para Perros Calming CBD 25mg - Waggys,$32.33,,Kainu Healt
1903400,SB BONE CREMA DE MANI SMALL 3 PZ,$83.13,,Kainu Food
1876700,SB DENTAL BONE SMALL 3 PZ,$96.98,,Kainu Food
BANKAI001467Jxxx,Servicio de baño mascota Extra Grande,$0.01,KAINU,Kainu Care
GATKAI001543D,Servicio de baño mascota Gato,$0.01,KAINU,Kainu Care
BANKAI00145XQ,Servicio de baño mascota Grande,$0.01,KAINU,Kainu Care
BANKAI00144U8,Servicio de baño mascota Mediano,$0.01,KAINU,Kainu Care
BANKAI00138AX,Servicio de baño mascota Mini-Chico,$0.01,KAINU,Kainu Care
SPAKAI00153C7,Servicio de baño y SPA mascota Extra Grande,$0.01,KAINU,Kainu Care
SPAKAI00152TF,Servicio de baño y SPA mascota Grande,$0.01,KAINU,Kainu Care
SPAKAI00151IT,Servicio de baño y SPA mascota Mediano,$0.01,KAINU,Kainu Care
SPAKAI001503V,Servicio de baño y SPA mascota Mini-Chico,$0.01,KAINU,Kainu Care
7503040234211,Set de Grooming Profesional con Aspiradora para Mascotas 6 en 1 - KAINU,"$1,256.50",KAINU,Kainu Home
3760098110094,Shampoo en Seco Essential Mousse 150ml - Dermoscent,$0.01,,Kainu Healt
10002034,Shampoo Lassy Neutro 350ml,$150.50,,Kainu Healt
7506343802798,Shampoo Medicado Clorexivet Plus 350ML- PETSPHARMA,$279.42,PETSPHARMA,Kainu Healt
10008380,Sildan HP 10 con 60 tabletas,$407.40,ALPHA CHEM,Kainu Healt
7500464824073,Snack  para Perro Pulmon de Res Deshidratado - HAPPY BARK,$43.10,HAPPY BARK,Kainu Food
CHU14G00081E5,Snack Churu sabor Salmon con Atún 14g - Inaba,$10.00,Inaba,Kainu Food
CHU14G00093A5,Snack Churu sabor Salmon con Vieira 14g - Inaba,$10.00,Inaba,Kainu Food
CHU14G000163I,Snack Churu sabor Salmon 14g - Inaba,$10.00,Inaba,Kainu Food
1136900,Snack Cremoso Mix de Mariscos (4 Sobres) - TastyCat,$37.42,TIBET,Kainu Style
1136700,Snack Cremoso Pescado Atún Puro (4 Sobres) - TastyCat,$37.42,TIBET,ACTIVACION
1137100,Snack Cremoso Salmón y Camarón (4 Sobres) - TastyCat,$37.42,TIBET,Kainu Style
MPDB1,Snack Mollejas de Pollo 50g - Dry Bits,$47.42,,
7500464824097,Snack para Perro Esofago de Res Deshidratado - HAPPY BARK,$54.44,HAPPY BARK,Kainu Food
7503017182057,Snack para Perro Lenguas de Pato Deshidratadas - SQUACK,$50.00,SQUACK,Kainu Food
7500464820044,Snack para Perro Patas de Pollo Deshidratadas - HAPPY BARK,$42.24,HAPPY BARK,Kainu Food
PPDB1,Snack Patita de Pollo 1pz - Dry Bits,$10.35,,
850065533049,Snack Patitas de pollo deshidratadas (6 piezas) – Crunchies,$27.86,Crunchies by canhijos,Kainu Food
PPDB2,Snack Patitas de Pollo 10pz - Dry Bits,$77.59,,
850065533070,Snack Tráquea de res deshidratada (35g) – Crunchies,$33.16,Crunchies by canhijos,Kainu Food
7503017182052,Snak para Perro Patas de Pato Deshidratadas - SQUACK,$24.05,SQUACK,Kainu Food
1065200,"Spray de Entrenamiento ""No Más Marcas"" para Gatos 709ml (24oz) - Nature's Miracle",$164.97,Nature´s Miracle,Kainu Play
SPRR01,"Spray repelente ácaros, piojos y pulgas - Petguru",$63.20,Bama pet,
18065983941,Spray Repelente para Perros para Entrenamiento  473ml(16oz) - Nature´s  Miracle,$92.34,NATURES MIRACLE,Kainu Play
SUDBOLSA0,Sudadera Con Bolsa Talla 0 - Chihuahuau,$58.15,Chihuahuau,Kainu Healt
SUDBOLSA1,Sudadera Con Bolsa Talla 1 - Chihuahuau,$63.06,Chihuahuau,Kainu Healt
SUDBOLSA3,Sudadera Con Bolsa Talla 3 - Chihuahuau,$76.16,Chihuahuau,Kainu Healt
SUDBOLSA6,Sudadera Con Bolsa Talla 6 - Chihuahuau,$102.37,Chihuahuau,Kainu Healt
SUDBOLSA7,Sudadera Con Bolsa Talla 7 - Chihuahuau,$121.21,Chihuahuau,Kainu Healt
10003267,SULFAVET 60 ML,$114.75,PETS PHARMA,Kainu Healt
7502303343691,Suplemento Calmante para Perros Calming Powder 270gr - Dogelthy,$468.27,DOGELTHY,Kainu Food
7502293531511,Suplemento Multi Chews 60 tabletas - Pet Care Club,$0.01,PET CARE CLUB,Kainu Healt
7503052641106,Suplemento para Alergias de Perro Allergy Blend 270gr- Dogelthy,$571.73,DOGELTHY,Kainu Food
7503052641083,Suplemento para Pelaje y Piel de Perro Skin and Coat 270gr - Dogelthy,$468.27,DOGELTHY,Kainu Food
7503026145005,Sustituto de Leche para Mascotas 454g - VitaLac,$0.01,VITA-LAC,Kainu Food
8626910830807,Sweter Navideño CH - Pet Supplies,$150.86,,Kainu Style
8626910800701,Sweter Navideño G - Pet Supplies,$150.86,,Kainu Style
8626910810700,Sweter Navideño M - Pet Supplies,$150.86,,Kainu Style
8626910950802,Sweter Navideño XG - Pet Supplies,$150.86,,Kainu Style
3005700,Sweter Tejido Clásico Talla 02 - Tibet,$100.41,TIBET,Kainu Style
3006000,Sweter Tejido Clásico Talla 08 - Tibet,$195.56,TIBET,Kainu Style
3111700,Sweter Tejido de Cuello Largo Talla 2- Tibet,$0.01,TIBET,Kainu Style
7504322285129,Tapete para Mascotas – Kainu Pet,$21.55,,OTRO
96600,Tazón Blanco de Porcelana para Mascotas – Kainu Pet,$68.10,,OTRO
840179299115,Tazón Gris de Cerámica para Mascotas – Kainu Pet,$76.72,,OTRO
SP-7853,"TINNY CHUMS FRISBEE DE CAUCHO CHICO 7""",$56.03,Sharpaw,Kainu Play
SP-7854,"TINNY CHUMS FRISBEE DE CAUCHO GRANDE 9""",$81.90,Sharpaw,Kainu Play
7503040223092,Torre rascadora para gatos con plataformas florales – KAINU,$175.00,KAINU,Kainu Play
1005202502181239,Transportadora  p/pe - Mediana 69X51X47,$215.94,,
7503040224223,Transportadora de tela con rueditas tipo maleta - KAINU,$558.28,KAINU,Kainu Home
7503040224221,Transportadora tipo cangurera para mascotas 30x20 - KAINU,$91.00,KAINU,Kainu Home
7503040224222,Transportadora tipo cangurera para mascotas 42x30 - KAINU,$97.30,KAINU,Kainu Home
7503040224090,Transportadora 48x30x32 cm – con rejilla metálica KAINU,$129.06,KAINU,Kainu Style
TRARES2PZS,Traquea de Res  Deshidratada 2 piezas - Happy Bark,$54.32,Crunchies by canhijos,
7502235960010,Unguento Veterinario de la Tia 125g,$195.70,,Kainu Healt
7502235960003,Unguento Veterinario de la Tia 60g,$117.80,,Kainu Healt
VACCOR00002BK,VACUNA VANGUARD PLUS CPV/CV  CORONAVIRUS,$86.00,Zoetis,Kainu Healt
TAZPRO0025409,Vaso Medidor de Croquetas,$0.01,PROPLAN,Kainu Style
VERMED00203EM,VERMIPLEX PLUS PUPPY SUSP 1ML,$2.47,,Kainu Healt
VERMED002021F,VERMIPLEX PLUS 10 KG 2 TABLETAS,$54.49,,Kainu Healt
1963500,VETERIBAC MASCOTAS GEL ANTISEPTICO 75 GR,$135.87,ESTERIPHARMA,Kainu Healt
44238667,Veterinary Diets FortiFlora Gato - Sobre Individual de 1g - Proplan,$12.85,PROPLAN,Kainu Healt
44238674,Veterinary Diets FortiFlora Perros - Sobre Individual de 1g - Proplan,$12.85,PROPLAN,Kainu Healt
5701170464009,Vetoryl 30mg,"$1,326.25",Dechra,Kainu Healt
10003123,VITAFORT- A SOBRES 10 GR,$7.62,,Kainu Healt
92039,VIVITONIN TABLETAS 50MG,$732.00,,Kainu Healt
7502099402312,Vodexat 2mg 1ml,$2.58,,Kainu Healt
7501088593451,Zonavet Sol Oftalmico 5ml,$101.00,CHINOIN,Kainu Healt
10000946,ZOOSARNI 200 GR,$144.94,,Kainu Healt
7501088593444,Zopol Grin Sol Oftalmico 10ml,$161.00,CHINOIN,Kainu Healt
1080800,23290 MAQUINA 2 VEL SUPER.  VERDE LIMON,"$3,380.00",,
1806598375,98375 SPRAY REPELENTE GATOS 8 OZ,$109.27,Nature´s Miracle,Kainu Play
